source,category,title,price,size,phone,images,url,status,date
PAZAR3,Станиви Изнајмување,Banese me qira,N/A,N/A,+389 075 882 840 | +389 078 377 677,https://media.pazar3.mk/Image/253eee7c-0970-4319-9917-bd0204063b7d/20260522/0/0/banese-me-qira.jpeg?AllowCropping=True | https://media.pazar3.mk/Image/cb97c33f-0714-4a14-979d-798ba9817897/20260522/0/0/banese-me-qira.jpeg?AllowCropping=True | https://media.pazar3.mk/Image/347fc946-cf69-4e5d-a728-c675a008a965/20260522/0/0/banese-me-qira.jpeg?AllowCropping=True | https://media.pazar3.mk/Image/29cec703-d23a-4fb3-8d9f-fe8a9666a382/20260522/0/0/banese-me-qira.jpeg?AllowCropping=True | https://media.pazar3.mk/Image/25267776-d35b-4225-b152-91f37f91f28b/20260522/0/0/banese-me-qira.jpeg?AllowCropping=True | https://media.pazar3.mk/Image/680865f4-2115-4eee-beba-f3b424c591d1/20260522/0/0/banese-me-qira.jpeg?AllowCropping=True | https://media.pazar3.mk/Image/58346745-7bfe-4f9c-bc27-a00221f9fcde/20260522/0/0/banese-me-qira.jpeg?AllowCropping=True,https://www.pazar3.mk/oglas/zivealista/stanovi/izdavanje/skopje/cair/banese-me-qira/9006273,,28.08 12:28
PAZAR3,Станиви Изнајмување,se iznajmuva namesten stan vo kapistec,N/A,N/A,+389 075 282 969 | +389 078 377 677,https://media.pazar3.mk/Image/e204f50a-48a3-48e1-9ad3-60f6ed065713/20260716/0/0/se-iznajmuva-namesten-stan-vo-kapistec.jpeg?AllowCropping=True | https://media.pazar3.mk/Image/11806442-0e5a-451b-a932-722f7836f150/20260716/0/0/se-iznajmuva-namesten-stan-vo-kapistec.jpeg?AllowCropping=True | https://media.pazar3.mk/Image/5501bf73-6c9d-4fad-93c2-9b9f5dc9b89c/20260716/0/0/se-iznajmuva-namesten-stan-vo-kapistec.jpeg?AllowCropping=True | https://media.pazar3.mk/Image/83a69c86-b1af-458a-a452-c647586892a5/20260716/0/0/se-iznajmuva-namesten-stan-vo-kapistec.jpeg?AllowCropping=True,https://www.pazar3.mk/oglas/zivealista/stanovi/izdavanje/skopje/centar/se-iznajmuva-namesten-stan-vo-kapistec/9067426,,28.08 12:29
PAZAR3,Станиви Изнајмување,SE IZDAVA STAV VO DEBAR MAALO,N/A,N/A,+389 070 717 268 | +389 078 377 677,https://media.pazar3.mk/Image/aa88c34a-5606-4d3b-b055-7575a071f0ce/20260720/0/0/se-izdava-stav-vo-debar-maalo.jpeg?AllowCropping=True | https://media.pazar3.mk/Image/7351968c-8795-4ac9-b2a9-86296d091834/20260720/0/0/se-izdava-stav-vo-debar-maalo.jpeg?AllowCropping=True | https://media.pazar3.mk/Image/2d0d70d9-3eb5-44e1-a794-bfb2532dee8d/20260720/0/0/se-izdava-stav-vo-debar-maalo.jpeg?AllowCropping=True | https://media.pazar3.mk/Image/2179baad-349a-4cab-bd52-05d0ac9b4ec2/20260720/0/0/se-izdava-stav-vo-debar-maalo.jpeg?AllowCropping=True | https://media.pazar3.mk/Image/ee9b92b8-c5da-42b0-91e1-bb5d4ffc5c51/20260720/0/0/se-izdava-stav-vo-debar-maalo.jpeg?AllowCropping=True | https://media.pazar3.mk/Image/38c8f12c-0a2c-4c09-a2ca-1f7e167628c1/20260720/0/0/se-izdava-stav-vo-debar-maalo.jpeg?AllowCropping=True,https://www.pazar3.mk/oglas/zivealista/stanovi/izdavanje/skopje/centar/se-izdava-stav-vo-debar-maalo/9079025,,28.08 12:29
PAZAR3,Станиви Изнајмување,Staan za kratok prestoj vo star aerodrom,N/A,N/A,+389 075 210 570 | +389 078 377 677,https://media.pazar3.mk/Image/8799d973-8907-49d3-a6bb-de92743727e3/20260125/0/0/staan-za-kratok-prestoj-vo-star-aerodrom.jpeg?AllowCropping=True | https://media.pazar3.mk/Image/9d8284bd-9357-4776-8ceb-b5498074e5dc/20260125/0/0/staan-za-kratok-prestoj-vo-star-aerodrom.jpeg?AllowCropping=True | https://media.pazar3.mk/Image/ecfab208-93db-4724-aa45-9b7e8c1a2668/20260125/0/0/staan-za-kratok-prestoj-vo-star-aerodrom.jpeg?AllowCropping=True | https://media.pazar3.mk/Image/b1bcf6b0-185a-4445-8cec-265e5d836586/20260125/0/0/staan-za-kratok-prestoj-vo-star-aerodrom.jpeg?AllowCropping=True | https://media.pazar3.mk/Image/4de5900f-d22e-440d-aec2-d7e1fedb9b46/20260125/0/0/staan-za-kratok-prestoj-vo-star-aerodrom.jpeg?AllowCropping=True | https://media.pazar3.mk/Image/04d2becd-fea3-4729-84d6-3b0f1fb4396c/20260125/0/0/staan-za-kratok-prestoj-vo-star-aerodrom.jpeg?AllowCropping=True | https://media.pazar3.mk/Image/1e2bbaf7-2cdb-4c84-8fce-119bc355cb2b/20260125/0/0/staan-za-kratok-prestoj-vo-star-aerodrom.jpeg?AllowCropping=True | https://media.pazar3.mk/Image/d7196a9d-85ef-471c-9416-e7d7b61f243f/20260125/0/0/staan-za-kratok-prestoj-vo-star-aerodrom.jpeg?AllowCropping=True,https://www.pazar3.mk/oglas/zivealista/stanovi/izdavanje/skopje/aerodrom/staan-za-kratok-prestoj-vo-star-aerodrom/8692771,,28.08 12:29
PAZAR3,Станиви Изнајмување,НОВ ДВОСОБЕН СТАН СО ГАРАЖНО МЕСТО,N/A,N/A,+389 078 377 677,https://media.pazar3.mk/Image/2ae8652a-9183-4abf-a99b-ea5be669a135/20260707/0/0/nov-dvosoben-stan-so-garazhno-mesto.jpeg?AllowCropping=True | https://media.pazar3.mk/Image/52028d63-944c-46aa-ba6a-36e1e58ac4b1/20260707/0/0/nov-dvosoben-stan-so-garazhno-mesto.jpeg?AllowCropping=True | https://media.pazar3.mk/Image/cb8ced2f-b3f7-4cc1-91ec-df66291f5774/20260707/0/0/nov-dvosoben-stan-so-garazhno-mesto.jpeg?AllowCropping=True | https://media.pazar3.mk/Image/b7fd4b4d-05c6-436a-9526-1b00b06afa2f/20260707/0/0/nov-dvosoben-stan-so-garazhno-mesto.jpeg?AllowCropping=True | https://media.pazar3.mk/Image/bf603e31-b540-482d-844e-15ced0af0859/20260707/0/0/nov-dvosoben-stan-so-garazhno-mesto.jpeg?AllowCropping=True | https://media.pazar3.mk/Image/bf973e9a-a732-40ae-ad35-fe38de0498c6/20260707/0/0/nov-dvosoben-stan-so-garazhno-mesto.jpeg?AllowCropping=True | https://media.pazar3.mk/Image/ff0518bc-9e94-487c-b969-d1cc9757aae9/20260707/0/0/nov-dvosoben-stan-so-garazhno-mesto.jpeg?AllowCropping=True | https://media.pazar3.mk/Image/ee6b27df-88db-41ea-bc2f-f5bfb217cb56/20260707/0/0/nov-dvosoben-stan-so-garazhno-mesto.jpeg?AllowCropping=True | https://media.pazar3.mk/Image/326b99d5-2858-4205-a61c-251deec576df/20260707/0/0/nov-dvosoben-stan-so-garazhno-mesto.jpeg?AllowCropping=True | https://media.pazar3.mk/Image/6e97d924-82a8-4d34-ac26-76fc62c78282/20260707/0/0/nov-dvosoben-stan-so-garazhno-mesto.jpeg?AllowCropping=True | https://media.pazar3.mk/Image/f3a9957f-1204-44b2-9406-1d7b02f944de/20260707/0/0/nov-dvosoben-stan-so-garazhno-mesto.jpeg?AllowCropping=True | https://media.pazar3.mk/Image/65485f33-7244-4b33-888f-3c65c0abee4f/20260707/0/0/nov-dvosoben-stan-so-garazhno-mesto.jpeg?AllowCropping=True,https://www.pazar3.mk/oglas/zivealista/stanovi/izdavanje/skopje/aerodrom/nov-dvosoben-stan-so-garazhno-mesto/9053981,,28.08 12:29
PAZAR3,Станиви Изнајмување,Се издава реновиран стан на одлична локација во Аеродром,N/A,N/A,+389 070 350 296 | +389 078 377 677,https://media.pazar3.mk/Image/71c69310-85b5-4f34-8a9e-7a94bf4c2ea6/20260819/0/0/se-izdava-renoviran-stan-na-odlichna-lokaczija-vo-aerodrom.jpeg?AllowCropping=True | https://media.pazar3.mk/Image/ea0e6095-df96-4117-85aa-918a2162ac5c/20260819/0/0/se-izdava-renoviran-stan-na-odlichna-lokaczija-vo-aerodrom.jpeg?AllowCropping=True | https://media.pazar3.mk/Image/50e5989b-f97f-4176-adca-5bea4fe35c67/20260819/0/0/se-izdava-renoviran-stan-na-odlichna-lokaczija-vo-aerodrom.jpeg?AllowCropping=True | https://media.pazar3.mk/Image/abac2e44-4d69-4e35-b02c-83e4d96ed799/20260819/0/0/se-izdava-renoviran-stan-na-odlichna-lokaczija-vo-aerodrom.jpeg?AllowCropping=True | https://media.pazar3.mk/Image/ae9818b3-3463-4a71-96f2-62bbf297574b/20260819/0/0/se-izdava-renoviran-stan-na-odlichna-lokaczija-vo-aerodrom.jpeg?AllowCropping=True | https://media.pazar3.mk/Image/ca95ad22-ed58-449d-816d-055a20dcd0d1/20260819/0/0/se-izdava-renoviran-stan-na-odlichna-lokaczija-vo-aerodrom.jpeg?AllowCropping=True | https://media.pazar3.mk/Image/e8386bf7-52ab-44ca-8e8e-36af474974a2/20260819/0/0/se-izdava-renoviran-stan-na-odlichna-lokaczija-vo-aerodrom.jpeg?AllowCropping=True | https://media.pazar3.mk/Image/d06cec7a-aa61-4aac-86b4-910ffa2a038f/20260819/0/0/se-izdava-renoviran-stan-na-odlichna-lokaczija-vo-aerodrom.jpeg?AllowCropping=True | https://media.pazar3.mk/Image/2422ec68-2ef9-4d4c-864e-6bd198bae485/20260819/0/0/se-izdava-renoviran-stan-na-odlichna-lokaczija-vo-aerodrom.jpeg?AllowCropping=True | https://media.pazar3.mk/Image/0fd9f73d-7258-4770-a5fc-1d939564edc7/20260819/0/0/se-izdava-renoviran-stan-na-odlichna-lokaczija-vo-aerodrom.jpeg?AllowCropping=True | https://media.pazar3.mk/Image/b3ee9089-7206-4d3b-8328-d890607ae52c/20260819/0/0/se-izdava-renoviran-stan-na-odlichna-lokaczija-vo-aerodrom.jpeg?AllowCropping=True | https://media.pazar3.mk/Image/3ff980dc-a76a-441f-9384-1dd9e9d525bb/20260819/0/0/se-izdava-renoviran-stan-na-odlichna-lokaczija-vo-aerodrom.jpeg?AllowCropping=True,https://www.pazar3.mk/oglas/zivealista/stanovi/izdavanje/skopje/aerodrom/se-izdava-renoviran-stan-na-odlichna-lokaczija-vo-aerodrom/9095643,,28.08 12:29
PAZAR3,Станиви Изнајмување,Издавам комплетно опремен двособен стан во Кисела Вода,N/A,N/A,+389 070 351 571 | +389 078 377 677 | +389 078 432 044,https://media.pazar3.mk/Image/747da915-8025-4932-991f-7e56c9c8402e/20250719/0/0/izdavam-kompletno-opremen-dvosoben-stan-vo-kisela-voda.jpeg?AllowCropping=True | https://media.pazar3.mk/Image/0b6b9d6c-e3a6-4848-9094-66dd6ec73b0f/20250719/0/0/izdavam-kompletno-opremen-dvosoben-stan-vo-kisela-voda.jpeg?AllowCropping=True | https://media.pazar3.mk/Image/f9992cfd-ecfd-4026-b68f-d40e2b761b5c/20250719/0/0/izdavam-kompletno-opremen-dvosoben-stan-vo-kisela-voda.jpeg?AllowCropping=True | https://media.pazar3.mk/Image/da54a2c4-77a7-4735-b131-7da55095f655/20250719/0/0/izdavam-kompletno-opremen-dvosoben-stan-vo-kisela-voda.jpeg?AllowCropping=True | https://media.pazar3.mk/Image/511728f0-8572-4e5d-b6f3-5f80faf721ef/20250719/0/0/izdavam-kompletno-opremen-dvosoben-stan-vo-kisela-voda.jpeg?AllowCropping=True | https://media.pazar3.mk/Image/25c2ba1c-4253-489a-bd10-8abda0c56371/20250719/0/0/izdavam-kompletno-opremen-dvosoben-stan-vo-kisela-voda.jpeg?AllowCropping=True,https://www.pazar3.mk/oglas/zivealista/stanovi/izdavanje/skopje/kisela-voda/izdavam-kompletno-opremen-dvosoben-stan-vo-kisela-voda/7314932,,28.08 12:29
PAZAR3,Станиви Изнајмување,Се издава стан со панорамски поглед кон центарот на градот,N/A,N/A,+389 070 212 125 | +389 078 377 677,https://media.pazar3.mk/Image/6a523c8c-902b-4d46-bb3e-5d11bc54686b/20260819/0/0/se-izdava-stan-so-panoramski-pogled-kon-czentarot-na-gradot.jpeg?AllowCropping=True | https://media.pazar3.mk/Image/32871362-dda1-4fa0-a999-ae0bc0d5b23c/20260819/0/0/se-izdava-stan-so-panoramski-pogled-kon-czentarot-na-gradot.jpeg?AllowCropping=True | https://media.pazar3.mk/Image/f2d94cd3-3954-4e1a-84ce-dd7203df1f7d/20260819/0/0/se-izdava-stan-so-panoramski-pogled-kon-czentarot-na-gradot.jpeg?AllowCropping=True | https://media.pazar3.mk/Image/1f063e74-1fc6-485b-ac58-628e2275479a/20260819/0/0/se-izdava-stan-so-panoramski-pogled-kon-czentarot-na-gradot.jpeg?AllowCropping=True | https://media.pazar3.mk/Image/000a9a1d-bcf1-4dda-a0da-bee1e8f26897/20260819/0/0/se-izdava-stan-so-panoramski-pogled-kon-czentarot-na-gradot.jpeg?AllowCropping=True,https://www.pazar3.mk/oglas/zivealista/stanovi/izdavanje/skopje/centar/se-izdava-stan-so-panoramski-pogled-kon-czentarot-na-gradot/9095631,,28.08 12:29
PAZAR3,Станиви Изнајмување,"Se izdava namesten stan vo Topansko pole, 200 m do Balkan Un",N/A,N/A,+389 070 225 429 | +389 078 377 677,https://media.pazar3.mk/Image/8cc95d16-c58c-4165-ac94-e55b7a786529/20260810/0/0/se-izdava-namesten-stan-vo-topansko-pole-200-m-do-balkan-un.jpeg?AllowCropping=True | https://media.pazar3.mk/Image/b6eb0c17-b6d2-45c1-aa09-d528c81fe405/20260810/0/0/se-izdava-namesten-stan-vo-topansko-pole-200-m-do-balkan-un.jpeg?AllowCropping=True | https://media.pazar3.mk/Image/ec7f6f64-0716-4587-9dd3-edb1ab4be99d/20260810/0/0/se-izdava-namesten-stan-vo-topansko-pole-200-m-do-balkan-un.jpeg?AllowCropping=True | https://media.pazar3.mk/Image/5e9fb702-a400-44e5-aee8-b1392310a325/20260810/0/0/se-izdava-namesten-stan-vo-topansko-pole-200-m-do-balkan-un.jpeg?AllowCropping=True | https://media.pazar3.mk/Image/b2b272a0-8aee-4bd7-8402-128ad3c2d020/20260810/0/0/se-izdava-namesten-stan-vo-topansko-pole-200-m-do-balkan-un.jpeg?AllowCropping=True | https://media.pazar3.mk/Image/77b2ab36-a388-46c6-abdf-01b27e0f30fa/20260810/0/0/se-izdava-namesten-stan-vo-topansko-pole-200-m-do-balkan-un.jpeg?AllowCropping=True | https://media.pazar3.mk/Image/e6c53278-06f8-4469-9002-45bd2a7b0cf5/20260810/0/0/se-izdava-namesten-stan-vo-topansko-pole-200-m-do-balkan-un.jpeg?AllowCropping=True | https://media.pazar3.mk/Image/d484b12e-262f-4ded-bf0f-2b6c8340ec6e/20260810/0/0/se-izdava-namesten-stan-vo-topansko-pole-200-m-do-balkan-un.jpeg?AllowCropping=True | https://media.pazar3.mk/Image/13df4f55-c34b-4af4-b096-b03023cd42d2/20260810/0/0/se-izdava-namesten-stan-vo-topansko-pole-200-m-do-balkan-un.jpeg?AllowCropping=True,https://www.pazar3.mk/oglas/zivealista/stanovi/izdavanje/skopje/cair/se-izdava-namesten-stan-vo-topansko-pole-200-m-do-balkan-un/9090539,,28.08 12:29
PAZAR3,Станиви Изнајмување,Се издава одличен стан кај клинички центар,N/A,N/A,+389 070 723 555 | +389 078 377 677 | +389 078 445 948,https://media.pazar3.mk/Image/1b702ad9-f2fb-435b-b552-8b855f137a53/20260827/0/0/se-izdava-odlichen-stan-kaj-klinichki-czentar.jpeg?AllowCropping=True | https://media.pazar3.mk/Image/7bdfe948-3778-4545-a54a-85da7c41aacc/20260827/0/0/se-izdava-odlichen-stan-kaj-klinichki-czentar.jpeg?AllowCropping=True | https://media.pazar3.mk/Image/98e65480-dbb7-45f9-a358-34ef465b7d2f/20260827/0/0/se-izdava-odlichen-stan-kaj-klinichki-czentar.jpeg?AllowCropping=True | https://media.pazar3.mk/Image/46aeef77-17aa-44fe-83ba-ceea6f050d9a/20260827/0/0/se-izdava-odlichen-stan-kaj-klinichki-czentar.jpeg?AllowCropping=True | https://media.pazar3.mk/Image/925511be-2e8c-4cf4-ba38-d866272dd78a/20260827/0/0/se-izdava-odlichen-stan-kaj-klinichki-czentar.jpeg?AllowCropping=True | https://media.pazar3.mk/Image/d4b05e0f-fe81-4782-929c-bbac8238270d/20260827/0/0/se-izdava-odlichen-stan-kaj-klinichki-czentar.jpeg?AllowCropping=True | https://media.pazar3.mk/Image/e96cc923-9f80-4fd3-b13a-15bffcc1c868/20260827/0/0/se-izdava-odlichen-stan-kaj-klinichki-czentar.jpeg?AllowCropping=True | https://media.pazar3.mk/Image/7372626e-5109-47b8-8297-af63ff9792d3/20260827/0/0/se-izdava-odlichen-stan-kaj-klinichki-czentar.jpeg?AllowCropping=True | https://media.pazar3.mk/Image/5c51f584-8b9d-4831-9470-fe4da62d4ea1/20260827/0/0/se-izdava-odlichen-stan-kaj-klinichki-czentar.jpeg?AllowCropping=True | https://media.pazar3.mk/Image/9011c078-a5f7-43b1-9dc0-70723555c74f/20260827/0/0/se-izdava-odlichen-stan-kaj-klinichki-czentar.jpeg?AllowCropping=True | https://media.pazar3.mk/Image/79d421e0-539c-4fdd-a134-e81f81bf4125/20260827/0/0/se-izdava-odlichen-stan-kaj-klinichki-czentar.jpeg?AllowCropping=True | https://media.pazar3.mk/Image/d847e97f-05d0-4ee0-a6b3-5b6a89adc764/20260827/0/0/se-izdava-odlichen-stan-kaj-klinichki-czentar.jpeg?AllowCropping=True,https://www.pazar3.mk/oglas/zivealista/stanovi/izdavanje/skopje/centar/se-izdava-odlichen-stan-kaj-klinichki-czentar/9100265,,28.08 12:29
PAZAR3,Станиви Изнајмување,"Издавам стан,спрат од куќа во Црниче",N/A,N/A,+389 070 346 361 | +389 078 377 677,https://media.pazar3.mk/Image/3b57eb93-fd27-4a9b-84c6-e7c64e043d1a/20260828/0/0/izdavam-stan-sprat-od-kuka-vo-czrniche.jpeg?AllowCropping=True | https://media.pazar3.mk/Image/25bae0bc-c16d-43ea-b262-ede6c86201ee/20260828/0/0/izdavam-stan-sprat-od-kuka-vo-czrniche.jpeg?AllowCropping=True | https://media.pazar3.mk/Image/1aae94ee-d96d-4f58-9825-09b7eb35391b/20260828/0/0/izdavam-stan-sprat-od-kuka-vo-czrniche.jpeg?AllowCropping=True | https://media.pazar3.mk/Image/fc3ce16c-1e98-4f63-b1a9-e848996f1f2d/20260828/0/0/izdavam-stan-sprat-od-kuka-vo-czrniche.jpeg?AllowCropping=True | https://media.pazar3.mk/Image/7c52f138-503f-48db-b83a-bb43f2ecf10b/20260828/0/0/izdavam-stan-sprat-od-kuka-vo-czrniche.jpeg?AllowCropping=True | https://media.pazar3.mk/Image/ca0bfd7e-44fc-4514-beef-8263f6a4f617/20260828/0/0/izdavam-stan-sprat-od-kuka-vo-czrniche.jpeg?AllowCropping=True | https://media.pazar3.mk/Image/ab8e8140-db82-40e7-bacb-a0d825f72303/20260828/0/0/izdavam-stan-sprat-od-kuka-vo-czrniche.jpeg?AllowCropping=True | https://media.pazar3.mk/Image/000e3440-6e87-4f1c-a423-19baf844b565/20260828/0/0/izdavam-stan-sprat-od-kuka-vo-czrniche.jpeg?AllowCropping=True | https://media.pazar3.mk/Image/2fc214a5-2165-447e-9c26-bb38db33fb65/20260828/0/0/izdavam-stan-sprat-od-kuka-vo-czrniche.jpeg?AllowCropping=True,https://www.pazar3.mk/oglas/zivealista/stanovi/izdavanje/skopje/kisela-voda/izdavam-stan-sprat-od-kuka-vo-czrniche/9100790,,28.08 12:29
PAZAR3,Станиви Изнајмување,Се издава луксузно наместен стан,N/A,N/A,+389 070 235 949 | +389 078 377 677,https://media.pazar3.mk/Image/482427e749ef49f095f4e4cc7adcbdfd/20260318/0/0/se-izdava-luksuzno-namesten-stan.jpeg?AllowCropping=True | https://media.pazar3.mk/Image/d16b1ae51991477e8f4ee269719a36b1/20260318/0/0/se-izdava-luksuzno-namesten-stan.jpeg?AllowCropping=True | https://media.pazar3.mk/Image/f5e042d53e054c6384fa4a36894c17ef/20260318/0/0/se-izdava-luksuzno-namesten-stan.jpeg?AllowCropping=True | https://media.pazar3.mk/Image/0cb26cdcf92a4e368847b4fdb0a12666/20260318/0/0/se-izdava-luksuzno-namesten-stan.jpeg?AllowCropping=True | https://media.pazar3.mk/Image/3f9d4a964dee4885bd2cdc14458eb5b7/20260318/0/0/se-izdava-luksuzno-namesten-stan.jpeg?AllowCropping=True | https://media.pazar3.mk/Image/f952b0c691db4024a86c691cb04c2798/20260318/0/0/se-izdava-luksuzno-namesten-stan.jpeg?AllowCropping=True | https://media.pazar3.mk/Image/67b7d2601032476db11a40dfaebe9314/20260318/0/0/se-izdava-luksuzno-namesten-stan.jpeg?AllowCropping=True | https://media.pazar3.mk/Image/409546a4e8e04e738bf8a060956d3bd8/20260318/0/0/se-izdava-luksuzno-namesten-stan.jpeg?AllowCropping=True | https://media.pazar3.mk/Image/e9da8086f8f24b139f93c88880af8d05/20260318/0/0/se-izdava-luksuzno-namesten-stan.jpeg?AllowCropping=True | https://media.pazar3.mk/Image/329e2facc56f4e79b7040266b5fb6d0a/20260318/0/0/se-izdava-luksuzno-namesten-stan.jpeg?AllowCropping=True | https://media.pazar3.mk/Image/c4ceecb282f7449fa043f876840f08f7/20260318/0/0/se-izdava-luksuzno-namesten-stan.jpeg?AllowCropping=True,https://www.pazar3.mk/oglas/zivealista/stanovi/izdavanje/skopje/centar/se-izdava-luksuzno-namesten-stan/6817669,,28.08 12:29
PAZAR3,Станиви Изнајмување,Se izdava stan vo centar 60 m2 na ul. Maksim Gorki,N/A,N/A,+389 078 377 677 | +389 078 473 344,https://media.pazar3.mk/Image/f07dd954-e505-4072-bcdd-c24cd9106e2f/20260827/0/0/se-izdava-stan-vo-centar-60-m2-na-ul-maksim-gorki.jpeg?AllowCropping=True | https://media.pazar3.mk/Image/d20b450a-c133-4d8b-aefe-d369a33714c2/20260827/0/0/se-izdava-stan-vo-centar-60-m2-na-ul-maksim-gorki.jpeg?AllowCropping=True | https://media.pazar3.mk/Image/c50a8d13-6826-456d-8a53-9fbb14d87c65/20260827/0/0/se-izdava-stan-vo-centar-60-m2-na-ul-maksim-gorki.jpeg?AllowCropping=True | https://media.pazar3.mk/Image/df75315a-1c94-4979-8632-887870aa0d69/20260827/0/0/se-izdava-stan-vo-centar-60-m2-na-ul-maksim-gorki.jpeg?AllowCropping=True | https://media.pazar3.mk/Image/15db57e1-e811-46a8-a3b6-1a04b98bc390/20260827/0/0/se-izdava-stan-vo-centar-60-m2-na-ul-maksim-gorki.jpeg?AllowCropping=True | https://media.pazar3.mk/Image/614f24c4-c1fa-4d45-984c-aeda505f8708/20260827/0/0/se-izdava-stan-vo-centar-60-m2-na-ul-maksim-gorki.jpeg?AllowCropping=True | https://media.pazar3.mk/Image/ddaec4c5-07f0-46cf-aca1-f4f01fcdb1cc/20260827/0/0/se-izdava-stan-vo-centar-60-m2-na-ul-maksim-gorki.jpeg?AllowCropping=True | https://media.pazar3.mk/Image/319f1c0f-3284-49bb-a8c5-7af2cb762e8e/20260827/0/0/se-izdava-stan-vo-centar-60-m2-na-ul-maksim-gorki.jpeg?AllowCropping=True,https://www.pazar3.mk/oglas/zivealista/stanovi/izdavanje/skopje/centar/se-izdava-stan-vo-centar-60-m2-na-ul-maksim-gorki/9100737,,28.08 12:29
PAZAR3,Станиви Изнајмување,Се издава стан во Кисела Вода до рампа,N/A,N/A,+389 070 621 687 | +389 078 377 677,https://media.pazar3.mk/Image/9a29dec5-4744-44b9-ad4e-bc024ecb1a8d/20260817/0/0/se-izdava-stan-vo-kisela-voda-do-rampa.jpeg?AllowCropping=True | https://media.pazar3.mk/Image/70a02547-69a3-4549-9b78-bced4521796d/20260817/0/0/se-izdava-stan-vo-kisela-voda-do-rampa.jpeg?AllowCropping=True | https://media.pazar3.mk/Image/66efc6dd-14be-4c56-bbfe-180679c4daa9/20260817/0/0/se-izdava-stan-vo-kisela-voda-do-rampa.jpeg?AllowCropping=True | https://media.pazar3.mk/Image/6027b86d-9a82-4ba5-8911-06b55a53fe27/20260817/0/0/se-izdava-stan-vo-kisela-voda-do-rampa.jpeg?AllowCropping=True | https://media.pazar3.mk/Image/e4a659c0-757f-4440-8848-30843a7b73bc/20260817/0/0/se-izdava-stan-vo-kisela-voda-do-rampa.jpeg?AllowCropping=True | https://media.pazar3.mk/Image/d388e9a2-e3b1-420a-927a-870cafc94ac2/20260817/0/0/se-izdava-stan-vo-kisela-voda-do-rampa.jpeg?AllowCropping=True | https://media.pazar3.mk/Image/eadd7642-be04-4bc7-af8d-203d6a4949c2/20260817/0/0/se-izdava-stan-vo-kisela-voda-do-rampa.jpeg?AllowCropping=True | https://media.pazar3.mk/Image/f771ee1d-fd4d-449d-a63a-9827c730a4e5/20260817/0/0/se-izdava-stan-vo-kisela-voda-do-rampa.jpeg?AllowCropping=True | https://media.pazar3.mk/Image/eb2bbbf2-ab81-4b12-939d-3eee63fbf737/20260817/0/0/se-izdava-stan-vo-kisela-voda-do-rampa.jpeg?AllowCropping=True | https://media.pazar3.mk/Image/d8714e76-8e82-4b35-a57b-9780a146025f/20260817/0/0/se-izdava-stan-vo-kisela-voda-do-rampa.jpeg?AllowCropping=True,https://www.pazar3.mk/oglas/zivealista/stanovi/izdavanje/skopje/kisela-voda/se-izdava-stan-vo-kisela-voda-do-rampa/9093882,,28.08 12:29
PAZAR3,Станиви Изнајмување,Se izvada stan kaj Hotel Karposh,N/A,N/A,+389 071 338 461 | +389 078 377 677,https://media.pazar3.mk/Image/a3399da8-7796-4909-b2da-df917b49b2eb/20260827/0/0/se-izvada-stan-kaj-hotel-karposh.jpeg?AllowCropping=True | https://media.pazar3.mk/Image/5b81a0c8-e911-433e-adc1-782148363379/20260827/0/0/se-izvada-stan-kaj-hotel-karposh.jpeg?AllowCropping=True | https://media.pazar3.mk/Image/17a9b62d-0506-4a0d-a267-fb8356e7575e/20260827/0/0/se-izvada-stan-kaj-hotel-karposh.jpeg?AllowCropping=True | https://media.pazar3.mk/Image/aa030fc8-5f54-4a10-ac12-2804c305abbb/20260827/0/0/se-izvada-stan-kaj-hotel-karposh.jpeg?AllowCropping=True | https://media.pazar3.mk/Image/6e9ee84b-2328-4e93-8d8e-2fa3a8e13ab7/20260827/0/0/se-izvada-stan-kaj-hotel-karposh.jpeg?AllowCropping=True | https://media.pazar3.mk/Image/66431da1-d721-4d1d-91ed-e21357d87735/20260827/0/0/se-izvada-stan-kaj-hotel-karposh.jpeg?AllowCropping=True | https://media.pazar3.mk/Image/69e9d0d5-80a8-45d6-9090-d128b7249b2b/20260827/0/0/se-izvada-stan-kaj-hotel-karposh.jpeg?AllowCropping=True,https://www.pazar3.mk/oglas/zivealista/stanovi/izdavanje/skopje/karpos/se-izvada-stan-kaj-hotel-karposh/9100735,,28.08 12:29
PAZAR3,Станиви Изнајмување,Se iznajmuva Moderno Ureden Stan vo Skopje Sever,N/A,N/A,+389 071 672 661 | +389 072 694 474 | +389 078 377 677,https://media.pazar3.mk/Image/9dd8cde8-e705-47d3-83cb-edbd101b9b66/20260824/0/0/se-iznajmuva-moderno-ureden-stan-vo-skopje-sever.jpeg?AllowCropping=True | https://media.pazar3.mk/Image/6048b1ca-ad55-4295-9024-36dfac3fe5ac/20260824/0/0/se-iznajmuva-moderno-ureden-stan-vo-skopje-sever.jpeg?AllowCropping=True | https://media.pazar3.mk/Image/ce881b60-2ac1-4b9a-8028-860d625e6f1d/20260824/0/0/se-iznajmuva-moderno-ureden-stan-vo-skopje-sever.jpeg?AllowCropping=True | https://media.pazar3.mk/Image/00d8bafc-c46a-41bc-a8cb-5f85b28e5488/20260824/0/0/se-iznajmuva-moderno-ureden-stan-vo-skopje-sever.jpeg?AllowCropping=True | https://media.pazar3.mk/Image/a2e00b72-c829-4183-9cd7-568eb10d94bc/20260824/0/0/se-iznajmuva-moderno-ureden-stan-vo-skopje-sever.jpeg?AllowCropping=True | https://media.pazar3.mk/Image/0485b1f8-2af6-46cb-9661-2b3623e5bb4f/20260824/0/0/se-iznajmuva-moderno-ureden-stan-vo-skopje-sever.jpeg?AllowCropping=True | https://media.pazar3.mk/Image/b8152635-510c-4ca4-8493-72694474c134/20260824/0/0/se-iznajmuva-moderno-ureden-stan-vo-skopje-sever.jpeg?AllowCropping=True | https://media.pazar3.mk/Image/204d61de-53c2-4b64-9f46-6878a52c30ec/20260824/0/0/se-iznajmuva-moderno-ureden-stan-vo-skopje-sever.jpeg?AllowCropping=True | https://media.pazar3.mk/Image/5a7e6ca9-af20-408b-9c8c-7b4761260029/20260824/0/0/se-iznajmuva-moderno-ureden-stan-vo-skopje-sever.jpeg?AllowCropping=True | https://media.pazar3.mk/Image/60265fcf-7e40-4c50-9266-ac28a282ed06/20260824/0/0/se-iznajmuva-moderno-ureden-stan-vo-skopje-sever.jpeg?AllowCropping=True | https://media.pazar3.mk/Image/664125a8-8df3-47f9-948f-13cc667d85ec/20260824/0/0/se-iznajmuva-moderno-ureden-stan-vo-skopje-sever.jpeg?AllowCropping=True | https://media.pazar3.mk/Image/b4db7b25-af57-4181-a9ec-cecd572cbad7/20260824/0/0/se-iznajmuva-moderno-ureden-stan-vo-skopje-sever.jpeg?AllowCropping=True,https://www.pazar3.mk/oglas/zivealista/stanovi/izdavanje/skopje/cair/se-iznajmuva-moderno-ureden-stan-vo-skopje-sever/9098733,,28.08 12:30
PAZAR3,Станиви Изнајмување,Se izdava stan kaj Hotel Karpos,N/A,N/A,+389 070 999 484 | +389 072 567 895 | +389 078 377 677,https://media.pazar3.mk/Image/87a7f575484f4ffe891e1d8b0b66e975/20220501/0/0/se-izdava-stan-kaj-hotel-karpos.jpeg?AllowCropping=True | https://media.pazar3.mk/Image/10292c6435f34f34aefdb80d7a4a452b/20220501/0/0/se-izdava-stan-kaj-hotel-karpos.jpeg?AllowCropping=True | https://media.pazar3.mk/Image/6e45864766144c2d90609b3b2fd98441/20220501/0/0/se-izdava-stan-kaj-hotel-karpos.jpeg?AllowCropping=True | https://media.pazar3.mk/Image/6416fe62899944ad9b12693f149fbb5e/20220501/0/0/se-izdava-stan-kaj-hotel-karpos.jpeg?AllowCropping=True | https://media.pazar3.mk/Image/be6df70999484fc38bd19480a8844c55/20220501/0/0/se-izdava-stan-kaj-hotel-karpos.jpeg?AllowCropping=True | https://media.pazar3.mk/Image/2ecdf47ec6f94e8fb87118133ed8d408/20220501/0/0/se-izdava-stan-kaj-hotel-karpos.jpeg?AllowCropping=True,https://www.pazar3.mk/oglas/zivealista/stanovi/izdavanje/skopje/karpos/se-izdava-stan-kaj-hotel-karpos/4006656,,28.08 12:30
PAZAR3,Станиви Изнајмување,Се издава наместен еднособен стан,N/A,N/A,+389 071 594 496 | +389 078 377 677,https://media.pazar3.mk/Image/6eef5078-8b4c-4e51-b6eb-10d9bca1a568/20260826/0/0/se-izdava-namesten-ednosoben-stan.jpeg?AllowCropping=True | https://media.pazar3.mk/Image/e2582b66-e9b0-4050-90ac-1f539086ef26/20260826/0/0/se-izdava-namesten-ednosoben-stan.jpeg?AllowCropping=True | https://media.pazar3.mk/Image/5a44b80f-7895-4256-bd4e-96e51082b678/20260826/0/0/se-izdava-namesten-ednosoben-stan.jpeg?AllowCropping=True | https://media.pazar3.mk/Image/8ace4da3-6d94-4cc2-92c4-bcef1ca120f4/20260826/0/0/se-izdava-namesten-ednosoben-stan.jpeg?AllowCropping=True | https://media.pazar3.mk/Image/2ae65564-0d16-43d8-9f23-700716fdc35c/20260826/0/0/se-izdava-namesten-ednosoben-stan.jpeg?AllowCropping=True,https://www.pazar3.mk/oglas/zivealista/stanovi/izdavanje/skopje/karpos/se-izdava-namesten-ednosoben-stan/9099903,,28.08 12:30
PAZAR3,Станиви Изнајмување,Се издава наместен стан во Аеродром 48m2 над Zona azzuri,N/A,N/A,+389 076 530 727 | +389 078 377 677,https://media.pazar3.mk/Image/d3f30104fb9d4996b056e5feab0a96cc/20210421/0/0/se-izdava-namesten-stan-vo-aerodrom-48m2-nad-zona-azzuri.jpeg?AllowCropping=True | https://media.pazar3.mk/Image/ec00459163ad4ab89e7493e71ef66398/20210421/0/0/se-izdava-namesten-stan-vo-aerodrom-48m2-nad-zona-azzuri.jpeg?AllowCropping=True | https://media.pazar3.mk/Image/603fd3eb-b0da-4064-9c22-35103a5397d9/20260822/0/0/se-izdava-namesten-stan-vo-aerodrom-48m2-nad-zona-azzuri.jpeg?AllowCropping=True | https://media.pazar3.mk/Image/bf3edaa3-7319-4e1d-be9e-f9d66d34ed54/20260822/0/0/se-izdava-namesten-stan-vo-aerodrom-48m2-nad-zona-azzuri.jpeg?AllowCropping=True | https://media.pazar3.mk/Image/7415c49f-0bad-4fdd-be31-042b6dcdec1e/20260822/0/0/se-izdava-namesten-stan-vo-aerodrom-48m2-nad-zona-azzuri.jpeg?AllowCropping=True | https://media.pazar3.mk/Image/33d47109-24fb-43ea-b894-490a2a2c4310/20260822/0/0/se-izdava-namesten-stan-vo-aerodrom-48m2-nad-zona-azzuri.jpeg?AllowCropping=True | https://media.pazar3.mk/Image/259d43c1-e699-4e79-87b1-9e09d350a553/20260822/0/0/se-izdava-namesten-stan-vo-aerodrom-48m2-nad-zona-azzuri.jpeg?AllowCropping=True | https://media.pazar3.mk/Image/7bd29227-4c6b-4eec-90d4-97f56b35b90c/20260822/0/0/se-izdava-namesten-stan-vo-aerodrom-48m2-nad-zona-azzuri.jpeg?AllowCropping=True | https://media.pazar3.mk/Image/d2748294-47f3-4c66-8bd0-35b1108afb78/20260822/0/0/se-izdava-namesten-stan-vo-aerodrom-48m2-nad-zona-azzuri.jpeg?AllowCropping=True,https://www.pazar3.mk/oglas/zivealista/stanovi/izdavanje/skopje/aerodrom/se-izdava-namesten-stan-vo-aerodrom-48m2-nad-zona-azzuri/3710462,,28.08 12:30
PAZAR3,Станиви Изнајмување,Izdava stan (suteren) Kisela Voda,N/A,N/A,+389 078 343 141 | +389 078 377 677,https://media.pazar3.mk/Image/f4b212ec-c15b-4b1f-9c7d-80bb7e99a4b4/20260826/0/0/izdava-stan-suteren-kisela-voda.jpeg?AllowCropping=True | https://media.pazar3.mk/Image/d194fec6-0789-4700-afee-1770739b08e3/20260826/0/0/izdava-stan-suteren-kisela-voda.jpeg?AllowCropping=True | https://media.pazar3.mk/Image/f7d264db-f9bb-4c8c-ae27-0c0ee6aa1bca/20260826/0/0/izdava-stan-suteren-kisela-voda.jpeg?AllowCropping=True,https://www.pazar3.mk/oglas/zivealista/stanovi/izdavanje/skopje/aerodrom/izdava-stan-suteren-kisela-voda/9100030,,28.08 12:30
PAZAR3,Станиви Изнајмување,Izdavam stan K.Voda,N/A,N/A,+389 070 267 411 | +389 071 705 627 | +389 078 377 677,https://media.pazar3.mk/Image/ad4e5a1d-f65e-40e2-9fcd-4d1509aa8b57/20260827/0/0/izdavam-stan-k-voda.jpeg?AllowCropping=True | https://media.pazar3.mk/Image/1d6fd27e-e264-4538-b233-01ccad6bd68e/20260827/0/0/izdavam-stan-k-voda.jpeg?AllowCropping=True | https://media.pazar3.mk/Image/3eb3f4ce-11d9-4d05-96b8-702fa0f13527/20260827/0/0/izdavam-stan-k-voda.jpeg?AllowCropping=True | https://media.pazar3.mk/Image/222575ab-69dd-49f7-8287-710355456de0/20260827/0/0/izdavam-stan-k-voda.jpeg?AllowCropping=True | https://media.pazar3.mk/Image/4f510adf-1b4f-4b96-8a62-04b77ff02f72/20260827/0/0/izdavam-stan-k-voda.jpeg?AllowCropping=True | https://media.pazar3.mk/Image/5909c273-57b8-498a-8609-6a57e46f2214/20260827/0/0/izdavam-stan-k-voda.jpeg?AllowCropping=True | https://media.pazar3.mk/Image/dd8f0ba0-5234-46f4-bdc8-f4f489e3fd71/20260827/0/0/izdavam-stan-k-voda.jpeg?AllowCropping=True,https://www.pazar3.mk/oglas/zivealista/stanovi/izdavanje/skopje/kisela-voda/izdavam-stan-k-voda/9100246,,28.08 12:30
PAZAR3,Станиви Изнајмување,Се издава стан во Карпош 2,N/A,N/A,+389 078 377 677 | +389 078 649 058,,https://www.pazar3.mk/oglas/zivealista/stanovi/izdavanje/skopje/karpos/se-izdava-stan-vo-karposh-2/5862038,,28.08 12:30
PAZAR3,Станиви Изнајмување,Станче бонбонче,N/A,N/A,+389 070 367 166 | +389 078 377 677,https://media.pazar3.mk/Image/b91c8d5b-f330-4140-ba72-476e779b1418/20260727/0/0/stanche-bonbonche.jpeg?AllowCropping=True | https://media.pazar3.mk/Image/d2bc207f-fd35-4ee3-8674-2e4d59160c21/20260727/0/0/stanche-bonbonche.jpeg?AllowCropping=True | https://media.pazar3.mk/Image/0b2c28d8-67ca-4dec-9644-87e496d81329/20260727/0/0/stanche-bonbonche.jpeg?AllowCropping=True | https://media.pazar3.mk/Image/7cb841c0-cfc7-41d8-b817-b9505080b099/20260727/0/0/stanche-bonbonche.jpeg?AllowCropping=True | https://media.pazar3.mk/Image/11d0959d-4dfc-449b-99ec-6eff60b07ed0/20260727/0/0/stanche-bonbonche.jpeg?AllowCropping=True | https://media.pazar3.mk/Image/7f8634b7-a3f3-4076-87dd-58c0f538d192/20260727/0/0/stanche-bonbonche.jpeg?AllowCropping=True | https://media.pazar3.mk/Image/e7396a19-134e-4d87-b444-c871499e25ba/20260727/0/0/stanche-bonbonche.jpeg?AllowCropping=True | https://media.pazar3.mk/Image/3e9ef3cd-305c-4ba6-b9e2-68909342e159/20260727/0/0/stanche-bonbonche.jpeg?AllowCropping=True | https://media.pazar3.mk/Image/2189b28c-8d70-4322-a417-4ecfa725b941/20260727/0/0/stanche-bonbonche.jpeg?AllowCropping=True | https://media.pazar3.mk/Image/27b42a8d-e02e-4b9f-af53-4de5a3126c6d/20260727/0/0/stanche-bonbonche.jpeg?AllowCropping=True | https://media.pazar3.mk/Image/060f2245-ae3b-4cc5-a5d5-30c34f36c457/20260727/0/0/stanche-bonbonche.jpeg?AllowCropping=True | https://media.pazar3.mk/Image/6f394f0d-14af-4403-baf7-01c82700b647/20260727/0/0/stanche-bonbonche.jpeg?AllowCropping=True,https://www.pazar3.mk/oglas/zivealista/stanovi/izdavanje/skopje/centar/stanche-bonbonche/9082469,,28.08 12:30
PAZAR3,Станиви Изнајмување,Се изнајмува стан во Аеродром кај Бисер,N/A,N/A,+389 072 210 920 | +389 078 377 677,https://media.pazar3.mk/Image/c86d8733-5349-4d5e-8a29-a1d0e8de44de/20260825/0/0/se-iznajmuva-stan-vo-aerodrom-kaj-biser.jpeg?AllowCropping=True | https://media.pazar3.mk/Image/26873850-f43d-4cab-9b38-143e82648a5b/20260825/0/0/se-iznajmuva-stan-vo-aerodrom-kaj-biser.jpeg?AllowCropping=True | https://media.pazar3.mk/Image/5ee9c921-b238-465c-a8a6-7ff109c27f3b/20260825/0/0/se-iznajmuva-stan-vo-aerodrom-kaj-biser.jpeg?AllowCropping=True | https://media.pazar3.mk/Image/3ff54f9b-9ebf-4de1-b876-cfcfd3c54718/20260825/0/0/se-iznajmuva-stan-vo-aerodrom-kaj-biser.jpeg?AllowCropping=True | https://media.pazar3.mk/Image/7196e246-b946-49ff-8315-010cefb5dbb1/20260825/0/0/se-iznajmuva-stan-vo-aerodrom-kaj-biser.jpeg?AllowCropping=True,https://www.pazar3.mk/oglas/zivealista/stanovi/izdavanje/skopje/aerodrom/se-iznajmuva-stan-vo-aerodrom-kaj-biser/9099517,,28.08 12:30
PAZAR3,Станиви Изнајмување,Модерен и удобен стан покрај Вардар,N/A,N/A,+389 078 377 677 | +389 078 385 947,https://media.pazar3.mk/Image/d0a8f22d-f3f6-4499-b701-6cf652349b83/20260827/0/0/moderen-i-udoben-stan-pokraj-vardar.jpeg?AllowCropping=True | https://media.pazar3.mk/Image/82cc5fc3-1e4a-47d8-bbf9-2195358011ec/20260827/0/0/moderen-i-udoben-stan-pokraj-vardar.jpeg?AllowCropping=True | https://media.pazar3.mk/Image/42b3a822-c1bb-4be8-a6e4-d1b308bfa2f0/20260827/0/0/moderen-i-udoben-stan-pokraj-vardar.jpeg?AllowCropping=True | https://media.pazar3.mk/Image/e8e8e153-697a-41bc-8071-3c55fa9753bd/20260827/0/0/moderen-i-udoben-stan-pokraj-vardar.jpeg?AllowCropping=True | https://media.pazar3.mk/Image/47355c8c-523d-4730-97ec-c9a8da1ec9be/20260827/0/0/moderen-i-udoben-stan-pokraj-vardar.jpeg?AllowCropping=True | https://media.pazar3.mk/Image/a196050e-48d2-4483-9abd-10a63d814690/20260827/0/0/moderen-i-udoben-stan-pokraj-vardar.jpeg?AllowCropping=True,https://www.pazar3.mk/oglas/zivealista/stanovi/izdavanje/skopje/karpos/moderen-i-udoben-stan-pokraj-vardar/9100441,,28.08 12:30
PAZAR3,Станиви Изнајмување,Се издава гарсоњера во Центар,N/A,N/A,+389 071 304 195 | +389 078 377 677,https://media.pazar3.mk/Image/f623901c-5b39-416e-8738-01aeb3df6363/20260827/0/0/se-izdava-garsonjera-vo-czentar.jpeg?AllowCropping=True | https://media.pazar3.mk/Image/7e6742fb-2538-4577-aff6-9d78bb5a5042/20260827/0/0/se-izdava-garsonjera-vo-czentar.jpeg?AllowCropping=True | https://media.pazar3.mk/Image/d602ccd0-3cad-4813-9da4-cd81d5200004/20260827/0/0/se-izdava-garsonjera-vo-czentar.jpeg?AllowCropping=True | https://media.pazar3.mk/Image/0eef0276-409b-414e-af35-9b1d64caab91/20260827/0/0/se-izdava-garsonjera-vo-czentar.jpeg?AllowCropping=True | https://media.pazar3.mk/Image/5c06d6f3-3baf-402a-8812-9b88bc9618c4/20260827/0/0/se-izdava-garsonjera-vo-czentar.jpeg?AllowCropping=True | https://media.pazar3.mk/Image/9ed28d28-102e-434d-bd16-050b32e42d6b/20260827/0/0/se-izdava-garsonjera-vo-czentar.jpeg?AllowCropping=True | https://media.pazar3.mk/Image/bf290b73-8d3f-4f70-b9d8-9c73ffd102ee/20260827/0/0/se-izdava-garsonjera-vo-czentar.jpeg?AllowCropping=True,https://www.pazar3.mk/oglas/zivealista/stanovi/izdavanje/skopje/skopje-opstina/se-izdava-garsonjera-vo-czentar/9100478,,28.08 12:30
